{"cameraMode":{"drawMode":0,"name":"Shaded","section":"Shading Mode"},"sceneLighting":true,"audioPlay":false,"sceneViewState":{"m_AlwaysRefresh":false,"showFog":true,"showSkybox":true,"showFlares":true,"showImageEffects":true,"showParticleSystems":true,"showVisualEffectGraphs":true,"m_FxEnabled":true},"in2DMode":false,"pivot":{"x":8.535446166992188,"y":-0.004977703094482422,"z":-99.01112365722656},"rotation":{"x":0.45050010085105898,"y":0.30876001715660097,"z":-0.1695728749036789,"w":0.8203510046005249},"size":4.007804870605469,"orthographic":false}