{"cameraMode":{"drawMode":0,"name":"Shaded","section":"Shading Mode"},"sceneLighting":false,"audioPlay":false,"sceneViewState":{"m_AlwaysRefresh":false,"showFog":true,"showSkybox":false,"showFlares":true,"showImageEffects":true,"showParticleSystems":true,"showVisualEffectGraphs":true,"m_FxEnabled":true},"in2DMode":false,"pivot":{"x":-0.17210133373737336,"y":-0.10171473026275635,"z":-0.0380287766456604},"rotation":{"x":0.08317620307207108,"y":0.9020305871963501,"z":-0.3726857006549835,"w":0.20135025680065156},"size":1.032751441001892,"orthographic":false}