{"cameraMode":{"drawMode":0,"name":"Shaded","section":"Shading Mode"},"sceneLighting":false,"audioPlay":false,"sceneViewState":{"m_AlwaysRefresh":false,"showFog":true,"showSkybox":false,"showFlares":true,"showImageEffects":true,"showParticleSystems":true,"showVisualEffectGraphs":true,"m_FxEnabled":true},"in2DMode":false,"pivot":{"x":-0.37996792793273928,"y":1.9703527688980103,"z":0.1604454517364502},"rotation":{"x":-0.27475592494010928,"y":-0.3643088638782501,"z":0.11346650868654251,"w":-0.8826193809509277},"size":2.634154796600342,"orthographic":true}