{"cameraMode":{"drawMode":0,"name":"Shaded","section":"Shading Mode"},"sceneLighting":true,"audioPlay":false,"sceneViewState":{"m_AlwaysRefresh":false,"showFog":true,"showSkybox":true,"showFlares":true,"showImageEffects":true,"showParticleSystems":true,"showVisualEffectGraphs":true,"m_FxEnabled":false},"in2DMode":false,"pivot":{"x":1.3045310974121094,"y":-5.3944196701049809,"z":0.0051555633544921879},"rotation":{"x":-0.053691960871219638,"y":0.9391554594039917,"z":-0.1726538985967636,"w":-0.2920581102371216},"size":46.6734733581543,"orthographic":false}